season,setting,n_eps,words,isolation,perception,economic,threats,reward,omnipotence,degradation,microreg,reversal,institutional,label
1,intimate,28,217535,0.55,6.39,4.92,2.9,3.36,0.28,2.94,0.46,0.32,0.09,9.1
2,family,13,55792,0.36,6.09,2.87,2.69,0.36,0.0,1.43,0.0,0.0,0.0,2.51
3,intimate,18,131764,1.21,6.0,2.58,2.5,2.43,0.38,2.35,0.46,0.61,0.0,17.23
4,group,15,77548,2.06,1.81,3.61,6.19,0.39,0.26,2.45,1.29,0.26,0.26,5.54
5,group,28,230428,1.13,1.61,4.3,2.34,5.47,0.82,1.04,0.78,0.61,0.04,6.08
6,intimate,14,103923,0.19,2.02,1.06,3.27,1.73,0.19,0.96,0.48,0.0,0.0,6.74
7,family,12,87741,2.51,2.51,2.51,4.79,2.05,1.82,1.82,0.0,0.0,0.0,5.01
8,group,12,81388,0.25,5.65,3.81,2.21,2.33,0.0,2.95,0.0,0.49,0.12,6.02
9,intimate,18,120894,0.41,5.96,6.2,15.8,4.14,1.32,1.08,2.56,0.83,1.24,4.38
10,intimate,23,192071,1.15,8.12,15.31,6.87,4.11,0.1,0.94,0.52,0.31,0.62,6.87
11,intimate,24,238959,1.3,2.76,2.55,7.37,3.52,0.67,1.93,0.67,0.8,0.92,6.15
12,intimate,12,94413,0.85,11.12,3.28,3.07,2.01,0.0,0.53,0.0,0.0,0.0,4.24
13,intimate,44,407487,1.03,3.93,2.85,3.56,3.34,0.44,1.37,0.66,0.44,0.83,3.58
14,intimate,23,243490,0.82,3.53,2.83,4.76,2.51,0.45,1.52,0.45,0.86,0.29,6.04
15,intimate,20,211888,0.76,5.8,2.74,3.02,1.51,0.76,1.51,1.23,0.28,0.28,4.06
16,family,20,198593,0.91,3.58,6.5,3.22,3.22,0.3,1.66,0.3,1.51,0.0,3.68
17,,12,122169,1.31,3.6,2.78,4.09,2.29,0.65,0.65,0.49,0.49,0.33,6.22
18,intimate,30,273841,0.62,5.19,2.99,2.85,2.04,0.66,0.77,0.22,0.73,0.11,4.16
19,intimate,20,185348,0.97,3.13,3.13,27.89,1.4,0.49,1.83,0.92,0.65,0.22,4.86
20,intimate,25,249798,0.96,4.88,1.16,6.65,1.2,0.48,2.28,1.0,0.4,0.28,6.93
21,group,34,330758,1.72,3.93,2.87,4.44,3.54,0.57,1.93,0.42,0.57,0.6,3.14
22,other,24,213495,0.37,10.68,12.55,5.29,2.06,0.89,1.17,0.23,0.37,0.0,2.11
23,group,27,246799,0.41,0.57,5.27,1.46,0.77,0.08,0.2,0.24,0.16,0.0,2.23
24,group,21,199107,2.66,1.86,2.06,2.21,2.71,0.3,1.91,0.55,0.45,0.35,2.71
25,group,1,10778,3.71,0.0,2.78,0.93,3.71,0.0,1.86,0.93,0.0,3.71,1.86
26,other,11,103084,0.58,9.89,2.04,9.6,1.75,0.39,1.07,1.07,0.39,0.87,3.59
control_mean,,61,,0.28,1.77,2.38,1.46,2.87,0.21,1.33,0.6,0.06,0.14,0.39
control_p90,,,,1.24,4.31,3.73,4.61,6.73,0.0,3.84,2.38,0.0,0.0,
