season,setting,setting_fine,basis
1,intimate,intimate partner,notes: domestic abuse; opening narration: Sarah's story told through the host (CORRECTED 2026-10-04: first version said 'host's own story' from memory - wrong)
2,family,parent-child (factitious/medical),notes: childhood abuse; factitious disorder; medical trauma
3,intimate,intimate partner (military/firefighter families),opening narration: Victoria and Ted married 1982; military bases
4,group,religious/cult (Jonestown),notes: cultic abuse; religious abuse
5,group,religious/cult + workplace,notes: cultic; religious; workplace abuse
6,intimate,online romance fraud (catfishing),notes: catfishing; fraud
7,family,sibling,notes: sibling abuse; childhood sexual abuse
8,group,workplace,notes: workplace abuse; racism
9,intimate,intimate partner (dating app; fraud),notes: met on dating app; detective suspicions
10,intimate,anthology - dating/partner violence,notes: met at bar; first date
11,intimate,anthology - domestic violence incl. homicide,"notes: DV hotline; murder | CLOSE-READ NOTE 2026-10-04: only 4/12 stories are intimate-partner; others are online grooming, two friendships, a youth acting company, domestic employment, an in-law/employer household, and peer group sexual assault (see close-read/S11.md). Code left unchanged because the frozen analysis read it; anthology seasons should be coded per episode in any re-run"
12,intimate,intimate partner (identity deception),notes: Joe not who he said he was
13,intimate,intimate partner (substance use),opening narration: ex-husband met on Match.com
14,intimate,serial intimate partner (sexual violence),opening narration: ex-wives and ex-girlfriends; dating apps
15,intimate,anthology - elite partner (Holly Madison/Playboy) + sexual violence,notes
16,family,childhood/family violence - the HOST'S OWN family story,notes: violence of children; sibling abuse; opening narration: host's father's fraud/elder-abuse case and her brother's murder (identified 2026-10-04 after operator challenge; missed in first coding)
17,,uncertain (cult/religious/purity culture + mass shooting),notes insufficient; transcript opening empty - EXCLUDED from R2
18,intimate,anthology - sexual assault/DV,notes
19,intimate,post-separation stalking/image abuse,opening narration: ex posted explicit photos
20,intimate,online romance fraud (catfishing),notes: catfishing; fraud; IPV
21,group,institution - military (MST),notes: military sexual assault
22,other,community scam / false reporting,notes: rental fraud scheme; false reporting
23,group,professional - medical/midwifery,notes: birth trauma; medical neglect
24,group,institution - troubled-teen industry,notes: institutional child abuse
25,group,institution - university (Title IX),opening narration: campus; Title IX offices
26,other,friendship betrayal (religious university milieu),notes: friendship betrayal; religious abuse
